{
    "name": "§a§nOne in the same",
    "description": "§2Due to your lower body consisting of slime, slimes simply accept you as yet another slime, causing them to be friendly towards you.",
    "badges": [
        {
            "type": "origins:tooltip",
            "text": "§cRequires Apugli to Work!",
            "sprite": "origins:textures/gui/badge/info.png"
        }
    ],
    "type": "origins:multiple",
    "ignore": {
        "type": "apugli:mobs_ignore",
        "mob_condition": {
            "type": "origins:entity_type",
            "entity_type": "minecraft:slime"
        }
    },
    "immune": {
        "type": "origins:invulnerability",
        "damage_condition": {
            "type": "origins:attacker",
            "entity_condition": {
                "type": "origins:entity_type",
                "entity_type": "minecraft:slime"
            }
        }
    }
}